cell_id,Apoe,Gpnmb,Lpl,Lyz2,Cd68,Ccl2,Ccl3,Ccl4,Ctss,Fabp5,Soat1,Abca1
A-45_AACACGTAGTCAATAG-1,28.653295128939828,0.0,0.0,7.163323782234957,0.0,0.0,0.0,0.0,21.48997134670487,0.0,0.0,0.0
A-45_AACTTTCAGGGAACGG-1,0.0,0.0,0.0,0.0,0.0,0.0,0.0,0.0,64.79481641468682,0.0,0.0,21.598272138228943
A-45_AACTTTCCAGCTGGCT-1,74.90636704119851,0.0,0.0,37.453183520599254,37.453183520599254,0.0,0.0,0.0,37.453183520599254,0.0,0.0,0.0
A-46_AAATGCCAGCGTGTCC-1,0.0,0.0,0.0,0.0,0.0,0.0,0.0,0.0,22.93577981651376,0.0,0.0,0.0
A-46_AACTGGTGTCCGAATT-1,0.0,0.0,0.0,0.0,0.0,0.0,0.0,0.0,29.154518950437318,0.0,0.0,0.0
A-46_AAGGCAGGTGGACGAT-1,0.0,0.0,0.0,0.0,17.953321364452425,0.0,0.0,0.0,35.90664272890485,0.0,0.0,0.0
C-41_AGCCTAACACATCCGG-1,246.4788732394366,0.0,0.0,140.8450704225352,0.0,0.0,0.0,0.0,0.0,0.0,0.0,0.0
C-41_AAAGATGGTCGGGTCT-1,134.00335008375208,0.0,0.0,16.75041876046901,0.0,0.0,0.0,0.0,67.00167504187604,0.0,0.0,0.0
C-41_AAATGCCTCCAGTATG-1,233.16062176165804,0.0,0.0,0.0,0.0,0.0,0.0,0.0,77.720207253886,0.0,0.0,0.0
C-42_AAACCTGAGCCACTAT-1,226.4808362369338,0.0,0.0,17.421602787456447,0.0,0.0,0.0,0.0,52.264808362369344,0.0,0.0,0.0
C-42_AAACGGGGTACTCGCG-1,42.016806722689076,0.0,0.0,21.008403361344538,21.008403361344538,0.0,0.0,0.0,84.03361344537815,0.0,0.0,0.0
C-42_AAACGGGTCAGGTAAA-1,74.6268656716418,0.0,0.0,0.0,0.0,0.0,0.0,0.0,49.75124378109452,0.0,0.0,0.0
